{"cameraMode":{"drawMode":0,"name":"Shaded","section":"Shading Mode"},"sceneLighting":true,"audioPlay":false,"sceneViewState":{"m_AlwaysRefresh":false,"showFog":true,"showSkybox":true,"showFlares":true,"showImageEffects":true,"showParticleSystems":true,"showVisualEffectGraphs":true,"m_FxEnabled":true},"in2DMode":false,"pivot":{"x":0.36455440521240237,"y":-1.616547703742981,"z":1.2566726207733155},"rotation":{"x":0.10744795948266983,"y":-0.6184923052787781,"z":0.08589807897806168,"w":0.7736589908599854},"size":6964.52001953125,"orthographic":false}